Q1097479.xml,,
Q1189541.xml,5,
Q1286363.xml,1,
Q1383485.xml,,
Q1473332.xml,1,
Q1559125.xml,2,
Q164284.xml,1,
Q1733272.xml,1,
Q1815136.xml,8,
Q1900979.xml,,
Q1983639.xml,,
Q2069097.xml,,
Q2147572.xml,,
Q2220645.xml,1,
Q229671.xml,1,
Q2368671.xml,1,
Q2443264.xml,,
Q2524403.xml,,
Q2597751.xml,1,
Q2673651.xml,2,
Q2747955.xml,,
Q2825435.xml,,
Q2900660.xml,,
Q2973900.xml,,
Q3042249.xml,,
Q3111915.xml,,
Q3179676.xml,2,
Q3251983.xml,,
Q3324554.xml,7,
Q3400738.xml,3,
Q3478707.xml,2,
Q3553877.xml,5,
Q3631694.xml,5,
Q3702695.xml,2,
Q3779632.xml,1,
Q3853136.xml,,
Q3921944.xml,1,
Q3995546.xml,3,
Q4064010.xml,10,
Q4132500.xml,,
Q4206816.xml,,
Q4281659.xml,3,
Q4353925.xml,1,
Q4425885.xml,1,
Q4504717.xml,1,
Q4578453.xml,1,
Q4656651.xml,,
Q4730503.xml,10,
Q4802376.xml,,
Q4880622.xml,,
Q4953112.xml,,
Q5028536.xml,1,
Q5105217.xml,1,
Q5183343.xml,1,
Q5258006.xml,1,
Q5333128.xml,1,
Q5411282.xml,,
Q5488155.xml,,
Q5564872.xml,1,
Q5642500.xml,4,
Q5715251.xml,1,
Q5789778.xml,,
Q5863966.xml,,
Q594253.xml,1,
Q602096.xml,1,
Q6100305.xml,2,
Q6180801.xml,,
Q6259079.xml,1,
Q6338812.xml,1,
Q6415651.xml,1,
Q6494232.xml,1,
Q6573646.xml,1,
Q6652611.xml,,
Q6728428.xml,1,
Q6807300.xml,,
Q6885618.xml,1,
Q6965798.xml,,
Q7041662.xml,1,
Q7118034.xml,,
Q7199137.xml,4,
Q7283077.xml,6,
Q7366791.xml,1,
Q744424.xml,,
Q7522479.xml,1,
Q772089.xml,1,
Q871666.xml,1,
Q967982.xml,2,
