Q1097479.xml,1,
Q1189541.xml,1,
Q1286363.xml,1,
Q1383485.xml,1,
Q1473332.xml,1,
Q1559125.xml,1,
Q164284.xml,1,
Q1733272.xml,1,
Q1815136.xml,1,
Q1900979.xml,1,
Q1983639.xml,1,
Q2069097.xml,1,
Q2147572.xml,1,
Q2220645.xml,1,
Q229671.xml,1,
Q2368671.xml,1,
Q2443264.xml,1,
Q2524403.xml,1,
Q2597751.xml,1,
Q2673651.xml,1,
Q2747955.xml,1,
Q2825435.xml,1,
Q28963665.xml,1,
Q29017477.xml,1,
Q29068058.xml,1,
Q29123717.xml,1,
Q29177081.xml,1,
Q29224806.xml,1,
Q2927914.xml,1,
Q29329305.xml,1,
Q29382678.xml,1,
Q29437724.xml,1,
Q29486331.xml,1,
Q29546267.xml,1,
Q29595937.xml,1,
Q29652748.xml,1,
Q29709921.xml,1,
Q29761199.xml,1,
Q29814641.xml,1,
Q29867152.xml,1,
Q29919628.xml,1,
Q29974143.xml,1,
Q30024013.xml,1,
Q30080594.xml,1,
Q30134404.xml,1,
Q30185775.xml,1,
Q30242897.xml,1,
Q30293080.xml,1,
Q30350163.xml,1,
Q30405944.xml,1,
Q3045860.xml,1,
Q30513972.xml,1,
Q30564860.xml,1,
Q30622258.xml,1,
Q30674708.xml,1,
Q30724874.xml,1,
Q3078044.xml,1,
Q3083280.xml,1,
Q30885961.xml,1,
Q30943966.xml,1,
Q30992487.xml,1,
Q31046643.xml,1,
Q31097860.xml,1,
Q31149798.xml,1,
Q31203713.xml,1,
Q31254698.xml,1,
Q31306951.xml,1,
Q31362150.xml,1,
Q31412496.xml,1,
Q31466607.xml,1,
Q31516951.xml,1,
Q31569149.xml,1,
Q3162430.xml,1,
Q3167956.xml,1,
Q31732030.xml,1,
Q31781451.xml,1,
Q31838533.xml,1,
Q31895452.xml,1,
Q31951153.xml,1,
Q32008705.xml,1,
Q32060629.xml,1,
Q32117270.xml,1,
Q32171818.xml,1,
Q32228000.xml,1,
Q32282579.xml,1,
Q32334891.xml,1,
Q3239207.xml,1,
Q32446174.xml,1,
Q32502560.xml,1,
Q32553729.xml,1,
Q3261178.xml,1,
Q3320194.xml,1,
Q339508.xml,1,
Q3473338.xml,1,
Q3548881.xml,1,
Q3625726.xml,1,
Q369771.xml,1,
Q3774291.xml,1,
Q3849163.xml,1,
Q3917432.xml,1,
Q3990344.xml,1,
Q4060082.xml,1,
Q4128126.xml,1,
Q4201443.xml,1,
Q4276850.xml,1,
Q4350041.xml,1,
Q4421537.xml,1,
Q4499542.xml,1,
Q4574159.xml,1,
Q4651693.xml,1,
Q47253.xml,1,
Q4797747.xml,1,
Q4874884.xml,1,
Q4948460.xml,1,
Q5023145.xml,1,
Q5099830.xml,1,
Q5177919.xml,1,
Q5253169.xml,1,
Q5328789.xml,1,
Q5404845.xml,1,
Q5482917.xml,1,
Q5559645.xml,1,
Q5637124.xml,1,
Q5710441.xml,1,
Q5784847.xml,1,
Q5858560.xml,1,
Q5937073.xml,1,
Q6015632.xml,1,
Q6093504.xml,1,
Q6175355.xml,1,
Q6255188.xml,1,
Q6333340.xml,1,
Q6410593.xml,1,
Q6488345.xml,1,
Q6568109.xml,1,
Q6646659.xml,1,
Q6724327.xml,1,
Q680300.xml,1,
Q6880925.xml,1,
Q6960771.xml,1,
Q7036393.xml,1,
Q7112833.xml,1,
Q7193478.xml,1,
Q7277637.xml,1,
Q7361334.xml,1,
Q7438760.xml,1,
Q7517496.xml,1,
Q765459.xml,1,
Q86582.xml,1,
Q961297.xml,1,
