Q1097479.xml,,
Q1189541.xml,,
Q1286363.xml,,
Q1383485.xml,,
Q1473332.xml,2,
Q1559125.xml,,
Q164284.xml,7,
Q1733272.xml,1,
Q1815136.xml,,
Q1900979.xml,,
Q1983639.xml,,
Q2069097.xml,,
Q2147572.xml,,
Q2220645.xml,2,
Q229671.xml,3,
Q2368671.xml,1,
Q2443264.xml,,
Q2524403.xml,,
Q2597751.xml,2,
Q2673651.xml,5,
Q2747955.xml,,
Q2825435.xml,,
Q28963665.xml,,
Q29017477.xml,,
Q29068058.xml,,
Q29123717.xml,,
Q29177081.xml,,
Q29224806.xml,,
Q2927914.xml,,
Q29329305.xml,,
Q29382678.xml,,
Q29437724.xml,,
Q29486331.xml,,
Q29546267.xml,,
Q29595937.xml,1,
Q29652748.xml,5,
Q29709921.xml,,
Q29761199.xml,,
Q29814641.xml,2,
Q29867152.xml,,
Q29919628.xml,,
Q29974143.xml,1,
Q30024013.xml,,
Q30080594.xml,,
Q30134404.xml,,
Q30185775.xml,,
Q30242897.xml,,
Q30293080.xml,,
Q30350163.xml,1,
Q30405944.xml,10,
Q3045860.xml,,
Q30513972.xml,,
Q30564860.xml,,
Q30622258.xml,,
Q30674708.xml,,
Q30724874.xml,,
Q3078044.xml,,
Q3083280.xml,9,
Q30885961.xml,,
Q30943966.xml,,
Q30992487.xml,,
Q31046643.xml,,
Q31097860.xml,2,
Q31149798.xml,,
Q31203713.xml,7,
Q31254698.xml,7,
Q31306951.xml,,
Q31362150.xml,,
Q31412496.xml,,
Q31466607.xml,,
Q31516951.xml,,
Q31569149.xml,1,
Q3162430.xml,1,
Q3167956.xml,,
Q31732030.xml,2,
Q31781451.xml,,
Q31838533.xml,8,
Q31895452.xml,5,
Q31951153.xml,4,
Q32008705.xml,,
Q32060629.xml,1,
Q32117270.xml,2,
Q32171818.xml,,
Q32228000.xml,1,
Q32282579.xml,,
Q32334891.xml,1,
Q3239207.xml,4,
Q32446174.xml,,
Q32502560.xml,1,
Q32553729.xml,,
Q3261178.xml,,
Q3320194.xml,,
Q339508.xml,,
Q3473338.xml,1,
Q3548881.xml,1,
Q3625726.xml,,
Q369771.xml,,
Q3774291.xml,,
Q3849163.xml,1,
Q3917432.xml,,
Q3990344.xml,1,
Q4060082.xml,,
Q4128126.xml,,
Q4201443.xml,,
Q4276850.xml,1,
Q4350041.xml,1,
Q4421537.xml,,
Q4499542.xml,,
Q4574159.xml,,
Q4651693.xml,2,
Q47253.xml,,
Q4797747.xml,,
Q4874884.xml,,
Q4948460.xml,,
Q5023145.xml,,
Q5099830.xml,5,
Q5177919.xml,1,
Q5253169.xml,,
Q5328789.xml,,
Q5404845.xml,,
Q5482917.xml,,
Q5559645.xml,2,
Q5637124.xml,8,
Q5710441.xml,,
Q5784847.xml,,
Q5858560.xml,6,
Q5937073.xml,,
Q6015632.xml,,
Q6093504.xml,,
Q6175355.xml,1,
Q6255188.xml,,
Q6333340.xml,5,
Q6410593.xml,,
Q6488345.xml,,
Q6568109.xml,1,
Q6646659.xml,2,
Q6724327.xml,,
Q680300.xml,4,
Q6880925.xml,,
Q6960771.xml,,
Q7036393.xml,,
Q7112833.xml,,
Q7193478.xml,5,
Q7277637.xml,,
Q7361334.xml,,
Q7438760.xml,,
Q7517496.xml,2,
Q765459.xml,,
Q86582.xml,,
Q961297.xml,1,
